[
  {
    "id": 1,
    "name": "香蕉",
    "src": "assets/img/banana1.jpg"
  },
  {
    "id": 2,
    "name": "苹果",
    "src": "assets/img/apple1.jpg"
  },
  {
    "id": 3,
    "name": "橘子",
    "src": "assets/img/orange1.jpg"
  },
  {
    "id": 4,
    "name": "菠萝",
    "src": "assets/img/pineapple1.jpg"
  },
  {
    "id": 5,
    "name": "芒果",
    "src": "assets/img/mango1.jpg"
  },
  {
    "id": 6,
    "name": "葡萄",
    "src": "assets/img/grape1.jpg"
  },
  {
    "id": 7,
    "name": "柚子",
    "src": "assets/img/pomelo1.jpg"
  },
  {
    "id": 8,
    "name": "木瓜",
    "src": "assets/img/pawpaw1.jpg"
  },
  {
    "id": 9,
    "name": "猕猴桃",
    "src": "assets/img/kivi1.jpg"
  },
  {
    "id": 10,
    "name": "柿子",
    "src": "assets/img/persimmon1.jpg"
  },
  {
    "id": 11,
    "name": "柠檬",
    "src": "assets/img/lemon1.jpg"
  },
  {
    "id": 12,
    "name": "石榴",
    "src": "assets/img/pomegranate1.jpg"
  },
  {
    "id": 13,
    "name": "梨",
    "src": "assets/img/pear1.jpg"
  },
  {
    "id": 14,
    "name": "草莓",
    "src": "assets/img/strawberry1.jpg"
  },
  {
    "id": 15,
    "name": "蓝莓",
    "src": "assets/img/blueberry1.jpg"
  },
  {
    "id": 16,
    "name": "杨莓",
    "src": "assets/img/waxberry1.jpg"
  },
  {
    "id": 17,
    "name": "桃",
    "src": "assets/img/peach1.jpg"
  },
  {
    "id": 18,
    "name": "椰子",
    "src": "assets/img/coconut1.jpg"
  },
  {
    "id": 19,
    "name": "杏",
    "src": "assets/img/apricot1.jpg"
  },
  {
    "id": 20,
    "name": "樱桃",
    "src": "assets/img/cherry1.jpg"
  }
]