[
    {
        "id": 1,
        "cname": "廉颇",
        "skin_name": "正义爆轰|地狱岩魂"
    },
    {
        "id": 2,
        "cname": "小乔",
        "skin_name": "恋之微风|万圣前夜|天鹅之梦|纯白花嫁|缤纷独角兽"
    },
    {
        "id": 3,
        "cname": "赵云",
        "skin_name": "苍天翔龙|忍●炎影|未来纪元|皇家上将|嘻哈天王|白执事|引擎之心"
    },
    {
        "id": 4,
        "cname": "墨子",
        "skin_name": "和平守望|金属风暴|龙骑士|进击墨子号"
    },
    {
        "id": 5,
        "cname": "妲己",
        "skin_name": "魅惑之狐|女仆咖啡|魅力维加斯|仙境爱丽丝|少女阿狸|热情桑巴"
    },
    {
        "id": 6,
        "cname": "嬴政",
        "skin_name": "王者独尊|摇滚巨星|暗夜贵公子|优雅恋人|白昼王子"
    },
    {
        "id": 7,
        "cname": "孙尚香",
        "skin_name": "千金重弩|火炮千金|水果甜心|蔷薇恋人|杀手不太冷|末日机甲|沉稳之力"
    },
    {
        "id": 8,
        "cname": "鲁班七号",
        "skin_name": "机关造物|木偶奇遇记|福禄兄弟|电玩小子|星空梦想"
    },
    {
        "id": 9,
        "cname": "庄周",
        "skin_name": "逍遥幻梦|鲤鱼之梦|蜃楼王|云端筑梦师"
    },
    {
        "id": 10,
        "cname": "刘禅",
        "skin_name": "暴走机关|英喵野望|绅士熊喵|天才门将"
    },
    {
        "id": 11,
        "cname": "高渐离",
        "skin_name": "叛逆吟游|金属狂潮|死亡摇滚"
    },
    {
        "id": 12,
        "cname": "阿轲",
        "skin_name": "信念之刃|爱心护理|暗夜猫娘|致命风华|节奏热浪"
    },
    {
        "id": 13,
        "cname": "钟无艳",
        "skin_name": "野蛮之锤|生化警戒|王者之锤|海滩丽影"
    },
    {
        "id": 14,
        "cname": "孙膑",
        "skin_name": "逆流之时|未来旅行|天使之翼|妖精王"
    },
    {
        "id": 15,
        "cname": "扁鹊",
        "skin_name": "善恶怪医|救世之瞳|化身博士|炼金王"
    },
    {
        "id": 16,
        "cname": "白起",
        "skin_name": "最终兵器|白色死神|狰|星夜王子"
    },
    {
        "id": 17,
        "cname": "芈月",
        "skin_name": "永恒之月|红桃皇后|大秦宣太后|重明"
    },
    {
        "id": 18,
        "cname": "吕布",
        "skin_name": "无双之魔|圣诞狂欢|天魔缭乱|末日机甲|猎兽之王"
    },
    {
        "id": 19,
        "cname": "周瑜",
        "skin_name": "铁血都督|海军大将|真爱至上"
    },
    {
        "id": 20,
        "cname": "夏侯惇",
        "skin_name": "不羁之风|战争骑士|乘风破浪|无限飓风号"
    },
    {
        "id": 21,
        "cname": "娜可露露",
        "skin_name": "鹰之守护"
    }
]