[
    {
        "id": 1,
        "riddle": "秦桧杀岳飞的罪名",
        "answer": "莫须有"
    },
    {
        "id": 2,
        "riddle": "秦桧杀岳飞",
        "answer": "不得人心"
    },
    {
        "id": 3,
        "riddle": "亲戚是把锯",
        "answer": "你有来，我有去"
    },
    {
        "id": 4,
        "riddle": "窃马贼戴佛珠",
        "answer": "冒充善人"
    },
    {
        "id": 5,
        "riddle": "茄子开黄花",
        "answer": "变了种"
    },
    {
        "id": 6,
        "riddle": "茄子炒南瓜",
        "answer": "分不清青红皂白"
    },
    {
        "id": 7,
        "riddle": "茄藤子上上吊",
        "answer": "难死人"
    },
    {
        "id": 8,
        "riddle": "切菜刀剃头",
        "answer": "好险；冒险；危险"
    },
    {
        "id": 9,
        "riddle": "切菜刀背上翻跟头",
        "answer": "武艺高；本领高；好险"
    },
    {
        "id": 10,
        "riddle": "俏媚眼给盲佬看",
        "answer": "传错情"
    },
    {
        "id": 11,
        "riddle": "俏大姐择眉毛",
        "answer": "连根拔"
    },
    {
        "id": 12,
        "riddle": "巧媳妇",
        "answer": "难做无米之炊（比喻没有材料，手艺再高也白搭；没有条件，能力再强也不行。）"
    },
    {
        "id": 13,
        "riddle": "巧媳妇打扮囡（咖小孩儿）",
        "answer": "一天变个样"
    },
    {
        "id": 14,
        "riddle": "巧他爹打巧他娘",
        "answer": "巧极（急）了"
    },
    {
        "id": 15,
        "riddle": "巧八哥的嘴",
        "answer": "能说会道"
    },
    {
        "id": 16,
        "riddle": "樵夫卖柴",
        "answer": "两头担心（薪）"
    },
    {
        "id": 17,
        "riddle": "桥头上跑马",
        "answer": "走投无路"
    },
    {
        "id": 18,
        "riddle": "桥是桥，路是路",
        "answer": "清清楚楚；一清二楚"
    },
    {
        "id": 19,
        "riddle": "桥上搭碉楼",
        "answer": "底子空"
    },
    {
        "id": 20,
        "riddle": "桥孔里伸扁担",
        "answer": "担当不起（比喻负不起责任或不敢当。）"
    },
    {
        "id": 21,
        "riddle": "荞麦皮打糨子（ji",
        "answer": "ng zi糨糊）"
    },
    {
        "id": 22,
        "riddle": "荞麦皮打浆糊",
        "answer": "粘不到一起"
    },
    {
        "id": 23,
        "riddle": "荞麦面贴对子",
        "answer": "不粘板"
    },
    {
        "id": 24,
        "riddle": "荞麦地里捉王八",
        "answer": "十拿九稳"
    },
    {
        "id": 25,
        "riddle": "荞麦地里抓王八",
        "answer": "十拿九稳"
    },
    {
        "id": 26,
        "riddle": "荞麦地里藏秃子",
        "answer": "没有看出你来"
    },
    {
        "id": 27,
        "riddle": "戴碓窝（dui wo石臼）玩狮子",
        "answer": "劳而无功；有劳无功"
    },
    {
        "id": 28,
        "riddle": "戴斗笠坐席子",
        "answer": "独霸一方"
    },
    {
        "id": 29,
        "riddle": "戴斗笠打伞",
        "answer": "双保险，多此一举"
    },
    {
        "id": 30,
        "riddle": "戴大红花回朝",
        "answer": "大功告成"
    },
    {
        "id": 31,
        "riddle": "戴草帽亲嘴",
        "answer": "差一截子"
    },
    {
        "id": 32,
        "riddle": "逮了兔子死了鹰",
        "answer": "得不偿失"
    },
    {
        "id": 33,
        "riddle": "袋鼠的本事",
        "answer": "会跳"
    },
    {
        "id": 34,
        "riddle": "待人不分厚薄",
        "answer": "一视同仁"
    },
    {
        "id": 35,
        "riddle": "带着烟不抽",
        "answer": "装着玩"
    },
    {
        "id": 36,
        "riddle": "带着老婆出差",
        "answer": "公私兼顾"
    },
    {
        "id": 37,
        "riddle": "带着救生圈出海",
        "answer": "有备无患"
    },
    {
        "id": 38,
        "riddle": "带着秤杆买小菜",
        "answer": "斤斤计较"
    },
    {
        "id": 39,
        "riddle": "带崽的母老虎",
        "answer": "分外凶"
    },
    {
        "id": 40,
        "riddle": "带素珠的老虎",
        "answer": "假念弥陀（比喻假装心善。）"
    },
    {
        "id": 41,
        "riddle": "带念珠的老虎",
        "answer": "假念弥陀；假慈悲"
    },
    {
        "id": 42,
        "riddle": "带泥的萝",
        "answer": "有点土气"
    },
    {
        "id": 43,
        "riddle": "带了秤杆忘了砣",
        "answer": "丢三落（l"
    },
    {
        "id": 44,
        "riddle": "带刺的鲜花",
        "answer": "好看又扎手"
    },
    {
        "id": 45,
        "riddle": "带刺的铁丝",
        "answer": "难缠"
    },
    {
        "id": 46,
        "riddle": "代别人写情书",
        "answer": "不是真心"
    },
    {
        "id": 47,
        "riddle": "呆子娶个秃老婆",
        "answer": "两将就；两凑合"
    },
    {
        "id": 48,
        "riddle": "呆子求情",
        "answer": "有理说不清；讲不清道理"
    },
    {
        "id": 49,
        "riddle": "呆子求财",
        "answer": "越多越好；多多益善；分不清东"
    },
    {
        "id": 50,
        "riddle": "呆子看烟火",
        "answer": "傻了眼"
    },
    {
        "id": 51,
        "riddle": "呆子看戏",
        "answer": "光图热闹"
    },
    {
        "id": 52,
        "riddle": "呆子进迷宫",
        "answer": "摸不清东南西北"
    },
    {
        "id": 53,
        "riddle": "呆子哼曲子",
        "answer": "没谱"
    },
    {
        "id": 54,
        "riddle": "呆子观灯",
        "answer": "一片明"
    },
    {
        "id": 55,
        "riddle": "呆子吃砒霜（pi shu",
        "answer": "ng砷的氧化物。剧毒）"
    },
    {
        "id": 56,
        "riddle": "呆子不识走马灯",
        "answer": "来的来，去的去"
    },
    {
        "id": 57,
        "riddle": "呆子帮忙",
        "answer": "越帮越忙（比喻帮了倒忙。）"
    },
    {
        "id": 58,
        "riddle": "呆子帮厨",
        "answer": "越帮越忙"
    },
    {
        "id": 59,
        "riddle": "呆子把脉",
        "answer": "摸不着"
    },
    {
        "id": 60,
        "riddle": "呆女嫁痴汉",
        "answer": "谁也不嫌谁"
    },
    {
        "id": 61,
        "riddle": "大自然的风",
        "answer": "来去匆匆"
    },
    {
        "id": 62,
        "riddle": "大字写成太",
        "answer": "多了一点"
    },
    {
        "id": 63,
        "riddle": "大轴里套小轴",
        "answer": "话（画）里有话（画）"
    },
    {
        "id": 64,
        "riddle": "大轴和马达",
        "answer": "只有一个心眼儿"
    },
    {
        "id": 65,
        "riddle": "大月光夜里打电筒",
        "answer": "多事"
    },
    {
        "id": 66,
        "riddle": "大雨天上房",
        "answer": "找漏洞"
    },
    {
        "id": 67,
        "riddle": "大雨天打麦子",
        "answer": "难收场"
    },
    {
        "id": 68,
        "riddle": "大鱼嘴边的虾子",
        "answer": "跑不了"
    },
    {
        "id": 69,
        "riddle": "大鱼吃小鱼，小鱼吃虾米，虾米吃青泥",
        "answer": "一物降一物"
    },
    {
        "id": 70,
        "riddle": "大鱼吃小鱼，小鱼吃虾米（小虾）",
        "answer": "大的欺负小的；弱肉强食"
    },
    {
        "id": 71,
        "riddle": "大衣柜没把手",
        "answer": "抠门儿"
    },
    {
        "id": 72,
        "riddle": "大爷和太爷",
        "answer": "只差一点；差一点"
    },
    {
        "id": 73,
        "riddle": "大雁跟着飞机跑",
        "answer": "落后了"
    },
    {
        "id": 74,
        "riddle": "大镜子当供盘",
        "answer": "明摆着"
    },
    {
        "id": 75,
        "riddle": "大金牙说媒",
        "answer": "满口谎（黄）言"
    },
    {
        "id": 76,
        "riddle": "大街上相亲",
        "answer": "一厢情愿"
    },
    {
        "id": 77,
        "riddle": "大街上卖笛子",
        "answer": "自吹"
    },
    {
        "id": 78,
        "riddle": "大街上的行人",
        "answer": "有来有往："
    },
    {
        "id": 79,
        "riddle": "大街上的乞丐",
        "answer": "蓬头垢面"
    },
    {
        "id": 80,
        "riddle": "大街上的红绿灯",
        "answer": "有目共睹"
    },
    {
        "id": 81,
        "riddle": "大街上的挂钟",
        "answer": "群众观点"
    },
    {
        "id": 82,
        "riddle": "大街上弹琴",
        "answer": "听不听随你"
    },
    {
        "id": 83,
        "riddle": "大街得信小街传",
        "answer": "道听途说"
    },
    {
        "id": 84,
        "riddle": "大脚女人",
        "answer": "迈不出小步来"
    },
    {
        "id": 85,
        "riddle": "大脚穿小鞋",
        "answer": "两头扯不来；难受；钱（前）紧；迈步难；硬撑"
    },
    {
        "id": 86,
        "riddle": "大江里抓鱼",
        "answer": "人人有份"
    },
    {
        "id": 87,
        "riddle": "大江里一桶水",
        "answer": "有你不多，无你不少"
    },
    {
        "id": 88,
        "riddle": "大江里漂浮萍",
        "answer": "随波逐流"
    },
    {
        "id": 89,
        "riddle": "大江东去",
        "answer": "无休止"
    },
    {
        "id": 90,
        "riddle": "大家看电影",
        "answer": "有目共睹"
    },
    {
        "id": 91,
        "riddle": "大鸡不吃碎米",
        "answer": "看不上眼"
    },
    {
        "id": 92,
        "riddle": "大火烧蚁窝",
        "answer": "一举全歼"
    },
    {
        "id": 93,
        "riddle": "大火烧到额头上",
        "answer": "迫在眉睫"
    },
    {
        "id": 94,
        "riddle": "大槐树下挂灯笼",
        "answer": "四方有名（明）"
    },
    {
        "id": 95,
        "riddle": "大槐树上挂电灯",
        "answer": "四方有名（明）"
    },
    {
        "id": 96,
        "riddle": "大槐树底下等情人",
        "answer": "急不可待"
    },
    {
        "id": 97,
        "riddle": "大花脸舞刀",
        "answer": "耍威风"
    },
    {
        "id": 98,
        "riddle": "大花脸化妆",
        "answer": "面目全非"
    },
    {
        "id": 99,
        "riddle": "大花脸的胡子",
        "answer": "假的"
    },
    {
        "id": 100,
        "riddle": "大花脸扮小生",
        "answer": "改行"
    },
    {
        "id": 101,
        "riddle": "大胡子吃糖稀",
        "answer": "撕扯不清"
    },
    {
        "id": 102,
        "riddle": "大黑天照镜子",
        "answer": "没影的事"
    },
    {
        "id": 103,
        "riddle": "大河里洗煤",
        "answer": "闲着没事干"
    },
    {
        "id": 104,
        "riddle": "大河里漂油花",
        "answer": "一星半点"
    },
    {
        "id": 105,
        "riddle": "大河决了堤",
        "answer": "放任自流；任其自流"
    },
    {
        "id": 106,
        "riddle": "大河边上的望江亭",
        "answer": "近水楼台"
    },
    {
        "id": 107,
        "riddle": "大海里一片叶",
        "answer": "漂浮不定"
    },
    {
        "id": 108,
        "riddle": "大海里腌咸菜",
        "answer": "白费工夫；白费劲"
    },
    {
        "id": 109,
        "riddle": "大海里行船",
        "answer": "乘风破浪；摸不着边；漫无边际"
    },
    {
        "id": 110,
        "riddle": "大海里行船，草原上放牧",
        "answer": "不着边"
    },
    {
        "id": 111,
        "riddle": "大海里下竿子",
        "answer": "不知深浅"
    },
    {
        "id": 112,
        "riddle": "大海里吐唾沫",
        "answer": "不显眼"
    },
    {
        "id": 113,
        "riddle": "大海里捞针",
        "answer": "难寻；无法摸不着底"
    },
    {
        "id": 114,
        "riddle": "大海里刮旋风",
        "answer": "谁（水）也转"
    },
    {
        "id": 115,
        "riddle": "大海里放鱼",
        "answer": "各奔一方"
    },
    {
        "id": 116,
        "riddle": "大海里放鸭子",
        "answer": "难收回；收不回来"
    },
    {
        "id": 117,
        "riddle": "大海里丢针",
        "answer": "难寻；没处寻"
    },
    {
        "id": 118,
        "riddle": "大海里的鱼",
        "answer": "经过风浪"
    },
    {
        "id": 119,
        "riddle": "大海里的一滴水",
        "answer": "缈小得很；有你不多没你不少"
    },
    {
        "id": 120,
        "riddle": "大海里的小船",
        "answer": "风雨飘摇"
    },
    {
        "id": 121,
        "riddle": "大海里的水雷",
        "answer": "一触即发"
    },
    {
        "id": 122,
        "riddle": "大海里的沙粒",
        "answer": "数不清；有的是"
    },
    {
        "id": 123,
        "riddle": "大海里的黄花鱼",
        "answer": "掀不起大浪；翻不了大浪"
    },
    {
        "id": 124,
        "riddle": "大海里的浮萍",
        "answer": "没着落"
    },
    {
        "id": 125,
        "riddle": "大海里的灯塔",
        "answer": "光芒四射；指明航程"
    },
    {
        "id": 126,
        "riddle": "大海里荡舟",
        "answer": "划不来"
    },
    {
        "id": 127,
        "riddle": "大海里捕鱼，深山里打猎",
        "answer": "各吃一方"
    },
    {
        "id": 128,
        "riddle": "大海，翻了豆腐船",
        "answer": "水里来，水里去"
    },
    {
        "id": 129,
        "riddle": "大锅里熬鱼",
        "answer": "水里来；汤里去"
    },
    {
        "id": 130,
        "riddle": "大闺女相亲",
        "answer": "羞羞答答"
    },
    {
        "id": 131,
        "riddle": "大闺女退婚礼",
        "answer": "不谈了"
    },
    {
        "id": 132,
        "riddle": "大闺女上轿",
        "answer": "慢慢蹭"
    },
    {
        "id": 133,
        "riddle": "大闺女盼郎",
        "answer": "朝思暮想"
    },
    {
        "id": 134,
        "riddle": "大闺女买假发",
        "answer": "随便（辫）"
    },
    {
        "id": 135,
        "riddle": "大闺女怀孕",
        "answer": "满腹心事说不出"
    },
    {
        "id": 136,
        "riddle": "大闺女的鞋",
        "answer": "花样多"
    },
    {
        "id": 137,
        "riddle": "大闺女的围巾",
        "answer": "绕脖子"
    },
    {
        "id": 138,
        "riddle": "大闺女的荷包",
        "answer": "花色多"
    },
    {
        "id": 139,
        "riddle": "大闺女裁尿布",
        "answer": "闲里置下忙来用"
    },
    {
        "id": 140,
        "riddle": "大管子套小管子",
        "answer": "不对口径"
    },
    {
        "id": 141,
        "riddle": "大观园里哭贾母",
        "answer": "各有各的伤心处"
    },
    {
        "id": 142,
        "riddle": "大牯牛落井里",
        "answer": "有劲使不上；有力无处使"
    },
    {
        "id": 143,
        "riddle": "大姑娘做客",
        "answer": "羞羞答答"
    }
]