[
    {
        "id": 1,
        "name": "米家床头灯 金色",
        "subName": "如梦如幻，多彩光世界",
        "marketPrice": "249",
        "memberPrice": "1",
        "isdelete": 0,
        "src": "assets/img/ctd.jpg"
    },
    {
        "id": 2,
        "name": "Free Tie 真皮板鞋 米家定制男款",
        "subName": "进口头层牛皮 / 弹力 EVA 中底 / 更适合国人的特制楦头 / 130 多道手工工序打造 ",
        "marketPrice": "199",
        "memberPrice": "99",
        "isdelete": 0,
        "src": "assets/img/zpbx.jpg"
    },
    {
        "id": 3,
        "name": "贝医生儿童牙刷 （单只装）",
        "subName": "进口定制软毛 / 弹性安全柄颈 / 三段式防滑圈 / 安全材质（适用于6~12岁儿童）",
        "marketPrice": "19",
        "memberPrice": "1",
        "isdelete": 0,
        "src": "assets/img/ys.jpg"
    },
    {
        "id": 4,
        "name": "小米米家智能摄像机",
        "subName": "1080P全高清画质 ／ 130度超广角 ／ AI人形智能侦测 ／ 红外夜视 ／ 全双工语音通话 ／ 云存储",
        "marketPrice": "129",
        "memberPrice": "99",
        "isdelete": 0,
        "src": "assets/img/sxt.jpg"
    },
    {
        "id": 5,
        "name": "小米路由器4A千兆版",
        "subName": "双核CPU千兆网口 ／ 双频AC1200 ／ 高增益4天线 ／ 128MB大内存 ／ 安全防蹭网 ／ 儿童安全上网 ／ 专为小米智能家居优化",
        "marketPrice": "169",
        "memberPrice": "129",
        "isdelete": 0,
        "src": "assets/img/ly.jpg"
    },
    {
        "id": "6",
        "name": "Free Tie 真皮板鞋 米家定制男款",
        "subName": "进口头层牛皮 / 弹力 EVA 中底 / 更适合国人的特制楦头 / 130 多道手工工序打造 【由第三方商家发货并提供售后，此商品不参与满150元包邮活动",
        "marketPrice": "199",
        "memberPrice": "30",
        "isdelete": 0,
        "src": "assets/img/zpbx.jpg"
    },
    {
        "id": 7,
        "name": "米兔婴儿理发器",
        "subName": "陶瓷刀头 / 低音电机 / 5 种理发长度可选 / 支持全身水洗",
        "marketPrice": "119",
        "memberPrice": "99",
        "isdelete": 0,
        "src": "assets/img/lfq.jpg"
    },
    {
        "id": 8,
        "name": "米家床头灯 金色",
        "subName": "如梦如幻，多彩光世界",
        "marketPrice": "249",
        "memberPrice": "1",
        "isdelete": 0,
        "src": "assets/img/ctd.jpg"
    },
    {
        "id": 9,
        "name": "小米路由器4A千兆版",
        "subName": "双核CPU千兆网口 ／ 双频AC1200 ／ 高增益4天线 ／ 128MB大内存 ／ 安全防蹭网 ／ 儿童安全上网 ／ 专为小米智能家居优化",
        "marketPrice": "169",
        "memberPrice": "129",
        "isdelete": 0,
        "src": "assets/img/ly.jpg"
    },
    {
        "id": 10,
        "name": "小米米家智能摄像机",
        "subName": "1080P全高清画质 ／ 130度超广角 ／ AI人形智能侦测 ／ 红外夜视 ／ 全双工语音通话 ／ 云存储",
        "marketPrice": "129",
        "memberPrice": "99",
        "isdelete": 0,
        "src": "assets/img/sxt.jpg"
    }
]